[{"title":"Testing news","slug":"testing-news","content":"<h2>Resmi: Lionel Messi Raih Ballon d'Or ke-8!</h2>\n\n<p><strong>Paris, Prancis</strong> – Lionel Messi kembali mengukir sejarah dengan meraih <em>Ballon d'Or</em> ke-8 kalinya dalam karier gemilangnya. Penghargaan ini diumumkan dalam acara megah di Théâtre du Châtelet, Paris.</p>\n\n<figure>\n  <img src=\"https://upload.wikimedia.org/wikipedia/commons/8/89/Lionel_Messi_2022.jpg\" alt=\"Lionel Messi\" style=\"max-width:100%; border-radius: 10px;\">\n  <figcaption>Messi saat menghadiri acara Ballon d'Or 2025. (Foto: FIFA)</figcaption>\n</figure>\n\n<p>Pemain berusia 37 tahun ini mengalahkan kandidat kuat seperti <a href=\"#\">Erling Haaland</a> dan <a href=\"#\">Kylian Mbappé</a> setelah membawa Inter Miami meraih trofi Leagues Cup dan tampil cemerlang bersama timnas Argentina.</p>\n\n<h3>Statistik Kunci Messi 2024/2025:</h3>\n<ul>\n  <li>Gol: 34</li>\n  <li>Assist: 21</li>\n  <li>Trofi: Leagues Cup, Copa America</li>\n</ul>\n\n<blockquote>\n  <p>\"Saya tidak pernah bermimpi akan sejauh ini. Terima kasih kepada keluarga, fans, dan semua pelatih yang pernah mendampingi saya,\" – Messi dalam pidato kemenangan.</p>\n</blockquote>\n\n<p>Dengan pencapaian ini, Messi semakin memperkuat statusnya sebagai legenda sepak bola sepanjang masa.</p>\n\n<hr>\n\n<p><small><em>Ditulis oleh Tim Redaksi Sibola. Terakhir diperbarui: 1 Mei 2025</em></small></p>\n","image":"https://res.cloudinary.com/dmovxvd5z/image/upload/v1746079248/v58a8zutwkbusuacvwyz.jpg","tags":[],"authorId":7,"id":1,"publishedAt":"2025-05-01T06:01:00.808Z"}]